timestamp,sequence,temp_core,temp_ambient,voltage_in,current_draw,fan_rpm,cpu_load,label,fault_id
1754212345678,0,23.450000000000003,23.5,12.16,0.98,903,45.2,normal,
1754212345778,1,23.6,23.5,12.16,1.01,903,45.300000000000004,normal,
1754212345878,2,23.700000000000003,23.5,12.15,1.02,894,45.5,normal,
1754212345978,3,23.8,23.5,12.15,1.02,908,45.2,normal,
1754212346078,4,23.900000000000002,23.5,12.16,1.03,893,45.900000000000006,normal,
1754212346178,5,24.1,23.5,12.17,1.03,899,46,normal,
1754212346278,6,24.1,23.5,12.15,1.06,893,46.1,normal,
1754212346378,7,24.3,23.55,12.15,1.04,903,46.5,normal,
1754212346478,8,24.400000000000002,23.5,12.15,1.05,895,46.1,normal,
1754212346578,9,24.400000000000002,23.5,12.16,1.05,893,46.7,normal,
1754212346678,10,24.5,23.5,12.15,1.05,902,46.800000000000004,normal,
1754212346778,11,24.650000000000002,23.5,12.15,1.03,903,47.400000000000006,normal,
1754212346878,12,24.8,23.5,12.15,1.05,900,47.300000000000004,normal,
1754212346978,13,24.900000000000002,23.5,12.15,1.06,902,48.2,normal,
1754212347078,14,25.05,23.5,12.14,1.06,899,48.2,normal,
1754212347178,15,25.200000000000003,23.5,12.15,1.08,906,48.7,normal,
1754212347278,16,25.25,23.5,12.15,1.09,899,49,normal,
1754212347378,17,25.35,23.450000000000003,12.15,1.1,907,48.900000000000006,normal,
1754212347478,18,25.400000000000002,23.5,12.13,1.05,903,49.2,normal,
1754212347578,19,25.5,23.55,12.15,1.09,908,49.7,normal,
1754212347678,20,25.700000000000003,23.5,12.16,1.08,898,49.400000000000006,normal,
1754212347778,21,25.75,23.55,12.14,1.11,897,49.800000000000004,normal,
1754212347878,22,25.85,23.5,12.14,1.09,895,50.2,normal,
1754212347978,23,25.950000000000003,23.5,12.14,1.09,908,50.1,normal,
1754212348078,24,26.1,23.5,12.14,1.11,910,50.7,normal,
1754212348178,25,26.150000000000002,23.5,12.14,1.1,913,51,normal,
1754212348278,26,26.3,23.55,12.13,1.1,902,50.900000000000006,normal,
1754212348378,27,26.450000000000003,23.5,12.13,1.12,906,51.7,normal,
1754212348478,28,26.5,23.5,12.14,1.1,910,50.900000000000006,normal,
1754212348578,29,26.6,23.55,12.14,1.1,907,52.300000000000004,normal,
1754212348678,30,26.75,23.450000000000003,12.14,1.12,902,52.400000000000006,normal,
1754212348778,31,26.900000000000002,23.5,12.13,1.1,893,52.300000000000004,normal,
1754212348878,32,27.05,23.5,12.13,1.12,900,52.5,normal,
1754212348978,33,27,23.5,12.13,1.12,911,52.6,normal,
1754212349078,34,27.200000000000003,23.5,12.120000000000001,1.12,904,53,normal,
1754212349178,35,27.25,23.5,12.13,1.1300000000000001,892,53.5,normal,
1754212349278,36,27.35,23.5,12.11,1.1300000000000001,893,53.7,normal,
1754212349378,37,27.5,23.55,12.11,1.1400000000000001,884,54,normal,
1754212349478,38,27.6,23.5,12.13,1.1500000000000001,886,54,normal,
1754212349578,39,27.650000000000002,23.5,12.120000000000001,1.1500000000000001,901,54.6,normal,
1754212349678,40,27.75,23.5,12.120000000000001,1.1400000000000001,902,54.400000000000006,normal,
1754212349778,41,27.900000000000002,23.55,12.11,1.17,896,54.7,normal,
1754212349878,42,27.950000000000003,23.5,12.13,1.16,896,55.1,normal,
1754212349978,43,28,23.5,12.120000000000001,1.17,882,55.2,normal,
1754212350078,44,28.25,23.5,12.120000000000001,1.16,899,55.1,normal,
1754212350178,45,28.35,23.5,12.120000000000001,1.18,885,55.6,normal,
1754212350278,46,28.450000000000003,23.55,12.13,1.17,906,55.7,normal,
1754212350378,47,28.55,23.5,12.11,1.18,903,55.6,normal,
1754212350478,48,28.55,23.5,12.13,1.17,899,55.800000000000004,normal,
1754212350578,49,28.75,23.450000000000003,12.13,1.17,897,56.6,normal,
1754212350678,50,28.900000000000002,23.5,12.13,1.19,899,56.800000000000004,normal,
1754212350778,51,28.900000000000002,23.5,12.120000000000001,1.19,904,57,normal,
1754212350878,52,29,23.5,12.120000000000001,1.17,900,56.7,normal,
1754212350978,53,29.200000000000003,23.5,12.1,1.19,900,56.300000000000004,normal,
1754212351078,54,29.3,23.5,12.11,1.21,891,57.2,normal,
1754212351178,55,29.450000000000003,23.450000000000003,12.11,1.19,893,57.5,normal,
1754212351278,56,29.5,23.55,12.11,1.19,905,57.900000000000006,normal,
1754212351378,57,29.700000000000003,23.5,12.1,1.19,899,58,normal,
1754212351478,58,29.6,23.5,12.11,1.19,898,58.400000000000006,normal,
1754212351578,59,29.75,23.5,12.1,1.19,897,58.7,normal,
1754212351678,60,29.900000000000002,23.5,12.1,1.21,898,58.2,normal,
1754212351778,61,30.05,23.5,12.11,1.19,897,58.5,normal,
1754212351878,62,30.05,23.5,12.120000000000001,1.21,899,58.5,normal,
1754212351978,63,30.150000000000002,23.5,12.11,1.22,900,58.6,normal,
1754212352078,64,30.25,23.5,12.11,1.18,899,59,normal,
1754212352178,65,30.450000000000003,23.5,12.09,1.2,893,59.2,normal,
1754212352278,66,30.5,23.5,12.09,1.23,897,59.1,normal,
1754212352378,67,30.55,23.5,12.1,1.21,899,59.300000000000004,normal,
1754212352478,68,30.700000000000003,23.55,12.1,1.21,899,59.6,normal,
1754212352578,69,30.8,23.5,12.09,1.22,897,59.400000000000006,normal,
1754212352678,70,30.950000000000003,23.55,12.09,1.21,885,60,normal,
1754212352778,71,31,23.5,12.09,1.23,899,59.900000000000006,normal,
1754212352878,72,31.05,23.5,12.09,1.23,889,59.7,normal,
1754212352978,73,31.25,23.5,12.1,1.24,895,60.1,normal,
1754212353078,74,31.35,23.5,12.1,1.23,906,59.800000000000004,normal,
1754212353178,75,31.450000000000003,23.5,12.09,1.23,898,60.400000000000006,normal,
1754212353278,76,31.5,23.5,12.1,1.24,907,60.300000000000004,normal,
1754212353378,77,31.700000000000003,23.5,12.11,1.23,903,60.7,normal,
1754212353478,78,31.700000000000003,23.5,12.11,1.24,899,60.400000000000006,normal,
1754212353578,79,31.700000000000003,23.5,12.09,1.23,896,60.6,normal,
1754212353678,80,31.8,23.5,12.09,1.24,898,60.7,normal,
1754212353778,81,32.050000000000004,23.5,12.1,1.25,905,60.900000000000006,normal,
1754212353878,82,32.050000000000004,23.5,12.1,1.24,903,61.1,normal,
1754212353978,83,32.25,23.55,12.09,1.26,913,61,normal,
1754212354078,84,32.300000000000004,23.5,12.08,1.25,891,61.2,normal,
1754212354178,85,32.4,23.5,12.1,1.24,896,61.400000000000006,normal,
1754212354278,86,32.4,23.5,12.09,1.25,906,61.300000000000004,normal,
1754212354378,87,32.550000000000004,23.5,12.1,1.26,907,62,normal,
1754212354478,88,32.6,23.5,12.11,1.25,901,61.7,normal,
1754212354578,89,32.800000000000004,23.5,12.09,1.23,915,61.7,normal,
1754212354678,90,32.800000000000004,23.5,12.09,1.25,917,61.400000000000006,normal,
1754212354778,91,32.95,23.5,12.09,1.26,919,62,normal,
1754212354878,92,33.1,23.5,12.08,1.25,927,62,normal,
1754212354978,93,33.1,23.5,12.09,1.24,926,62.1,normal,
1754212355078,94,33.300000000000004,23.5,12.08,1.24,924,62,normal,
1754212355178,95,33.300000000000004,23.5,12.08,1.24,928,61.900000000000006,normal,
1754212355278,96,33.5,23.5,12.09,1.26,939,62.1,normal,
1754212355378,97,33.45,23.5,12.1,1.25,941,62.5,normal,
1754212355478,98,33.550000000000004,23.5,12.1,1.27,952,62.400000000000006,normal,
1754212355578,99,33.75,23.5,12.1,1.25,955,62.300000000000004,normal,
1754212355678,100,33.800000000000004,23.5,12.11,1.26,965,62.2,normal,
1754212355778,101,33.800000000000004,23.5,12.08,1.24,965,62.300000000000004,normal,
1754212355878,102,33.95,23.55,12.09,1.29,981,62.300000000000004,normal,
1754212355978,103,34.1,23.5,12.09,1.27,974,62.400000000000006,normal,
1754212356078,104,34.050000000000004,23.5,12.1,1.27,983,62.400000000000006,normal,
1754212356178,105,34.2,23.55,12.08,1.27,991,62,normal,
1754212356278,106,34.300000000000004,23.450000000000003,12.08,1.25,979,62.7,normal,
1754212356378,107,34.4,23.5,12.08,1.27,1000,62.300000000000004,normal,
1754212356478,108,34.45,23.5,12.09,1.27,1000,62.1,normal,
1754212356578,109,34.6,23.5,12.1,1.25,1012,62.400000000000006,normal,
1754212356678,110,34.65,23.5,12.1,1.27,1012,62.800000000000004,normal,
1754212356778,111,34.800000000000004,23.5,12.08,1.27,1032,62.6,normal,
1754212356878,112,34.800000000000004,23.5,12.09,1.26,1040,62.5,normal,
1754212356978,113,35,23.5,12.09,1.28,1034,62.6,normal,
1754212357078,114,35,23.5,12.09,1.27,1038,62.6,normal,
1754212357178,115,35.1,23.5,12.09,1.26,1053,62.800000000000004,normal,
1754212357278,116,35.15,23.5,12.09,1.26,1062,63.1,normal,
1754212357378,117,35.2,23.5,12.1,1.27,1063,62.6,normal,
1754212357478,118,35.35,23.5,12.08,1.26,1079,62.5,normal,
1754212357578,119,35.35,23.5,12.1,1.26,1085,62.6,normal,
1754212357678,120,35.45,23.5,12.09,1.27,1086,62.400000000000006,normal,
1754212357778,121,35.65,23.5,12.1,1.26,1107,62.6,normal,
1754212357878,122,35.65,23.5,12.08,1.27,1101,62.6,normal,
1754212357978,123,35.800000000000004,23.5,12.08,1.25,1111,62.800000000000004,normal,
1754212358078,124,35.800000000000004,23.5,12.09,1.26,1134,62.800000000000004,normal,
1754212358178,125,35.9,23.5,12.08,1.26,1138,62.6,normal,
1754212358278,126,35.9,23.5,12.1,1.25,1145,62,normal,
1754212358378,127,36.15,23.5,12.09,1.24,1141,62.800000000000004,normal,
1754212358478,128,36.1,23.5,12.09,1.29,1142,62.5,normal,
1754212358578,129,36.2,23.5,12.1,1.26,1172,62.2,normal,
1754212358678,130,36.4,23.5,12.09,1.26,1169,62.1,normal,
1754212358778,131,36.4,23.5,12.08,1.25,1166,62.900000000000006,normal,
1754212358878,132,36.45,23.5,12.08,1.24,1189,62.400000000000006,normal,
1754212358978,133,36.6,23.5,12.08,1.24,1203,62.2,normal,
1754212359078,134,36.550000000000004,23.5,12.1,1.25,1209,62.1,normal,
1754212359178,135,36.7,23.5,12.09,1.26,1214,61.900000000000006,normal,
1754212359278,136,36.7,23.5,12.09,1.23,1220,62.300000000000004,normal,
1754212359378,137,36.85,23.5,12.1,1.25,1231,62.300000000000004,normal,
1754212359478,138,36.9,23.5,12.09,1.27,1237,61.900000000000006,normal,
1754212359578,139,36.95,23.5,12.09,1.23,1239,62.1,normal,
1754212359678,140,37.1,23.5,12.08,1.25,1248,62.300000000000004,normal,
1754212359778,141,37.1,23.5,12.1,1.24,1256,62,normal,
1754212359878,142,37.15,23.5,12.09,1.24,1263,61.900000000000006,normal,
1754212359978,143,37.25,23.5,12.08,1.24,1276,61.7,normal,
1754212360078,144,37.35,23.5,12.1,1.24,1291,61.900000000000006,normal,
1754212360178,145,37.45,23.5,12.08,1.23,1292,61.900000000000006,normal,
1754212360278,146,37.45,23.5,12.09,1.23,1296,61.900000000000006,normal,
1754212360378,147,37.5,23.5,12.07,1.24,1302,61.6,normal,
1754212360478,148,37.75,23.5,12.09,1.25,1316,61.300000000000004,normal,
1754212360578,149,37.6,23.5,12.08,1.24,1332,61.400000000000006,normal,
1754212360678,150,37.7,23.5,12.09,1.25,1327,61.7,normal,
1754212360778,151,37.9,23.5,12.1,1.25,1342,61.300000000000004,normal,
1754212360878,152,37.9,23.5,12.1,1.25,1354,61.400000000000006,normal,
1754212360978,153,38,23.450000000000003,12.08,1.24,1374,61.300000000000004,normal,
1754212361078,154,37.9,23.5,12.09,1.25,1373,61.6,normal,
1754212361178,155,38.15,23.5,12.08,1.24,1375,61.300000000000004,normal,
1754212361278,156,38.2,23.55,12.1,1.24,1373,60.900000000000006,normal,
1754212361378,157,38.15,23.5,12.09,1.24,1402,60.7,normal,
1754212361478,158,38.35,23.55,12.08,1.25,1391,61.1,normal,
1754212361578,159,38.300000000000004,23.5,12.09,1.24,1404,61,normal,
1754212361678,160,38.400000000000006,23.5,12.11,1.24,1412,61,normal,
1754212361778,161,38.5,23.450000000000003,12.09,1.23,1426,60.5,normal,
1754212361878,162,38.5,23.5,12.11,1.23,1429,60.7,normal,
1754212361978,163,38.550000000000004,23.5,12.11,1.24,1444,60.6,normal,
1754212362078,164,38.650000000000006,23.5,12.08,1.2,1438,60.900000000000006,normal,
1754212362178,165,38.6,23.5,12.1,1.24,1451,60.400000000000006,normal,
1754212362278,166,38.800000000000004,23.5,12.1,1.22,1464,60.300000000000004,normal,
1754212362378,167,38.800000000000004,23.5,12.09,1.22,1467,60.400000000000006,normal,
1754212362478,168,38.85,23.5,12.09,1.23,1466,60.1,normal,
1754212362578,169,39,23.5,12.1,1.2,1496,60.2,normal,
1754212362678,170,39,23.55,12.1,1.23,1491,60.2,normal,
1754212362778,171,39.1,23.5,12.09,1.22,1500,60.2,normal,
1754212362878,172,39.1,23.5,12.1,1.23,1509,60,normal,
1754212362978,173,39.150000000000006,23.5,12.1,1.22,1516,59.800000000000004,normal,
1754212363078,174,39.25,23.55,12.1,1.22,1509,60,normal,
1754212363178,175,39.25,23.55,12.09,1.25,1528,60.6,normal,
1754212363278,176,39.300000000000004,23.5,12.1,1.23,1538,59.5,normal,
1754212363378,177,39.35,23.5,12.1,1.21,1543,59.2,normal,
1754212363478,178,39.400000000000006,23.5,12.1,1.21,1552,59.800000000000004,normal,
1754212363578,179,39.5,23.5,12.1,1.21,1546,59.6,normal,
1754212363678,180,39.5,23.5,12.11,1.22,1564,59,normal,
1754212363778,181,39.550000000000004,23.55,12.09,1.21,1569,59.2,normal,
1754212363878,182,39.7,23.55,12.11,1.21,1579,59.2,normal,
1754212363978,183,39.800000000000004,23.5,12.1,1.22,1586,59.300000000000004,normal,
1754212364078,184,39.800000000000004,23.55,12.1,1.23,1587,59.6,normal,
1754212364178,185,39.800000000000004,23.5,12.1,1.22,1591,58.800000000000004,normal,
1754212364278,186,39.900000000000006,23.5,12.09,1.21,1602,58.800000000000004,normal,
1754212364378,187,39.95,23.55,12.1,1.19,1607,59.2,normal,
1754212364478,188,40,23.5,12.1,1.21,1616,59.2,normal,
1754212364578,189,40,23.55,12.09,1.22,1615,59,normal,
1754212364678,190,40.1,23.5,12.120000000000001,1.21,1631,59.2,normal,
1754212364778,191,40.150000000000006,23.55,12.120000000000001,1.22,1635,58.800000000000004,normal,
1754212364878,192,40.150000000000006,23.5,12.1,1.21,1637,58.6,normal,
1754212364978,193,40.2,23.5,12.1,1.2,1636,58.2,normal,
1754212365078,194,40.300000000000004,23.5,12.11,1.2,1654,58.7,normal,
1754212365178,195,40.35,23.5,12.11,1.21,1664,58.900000000000006,normal,
1754212365278,196,40.35,23.5,12.1,1.18,1672,58,normal,
1754212365378,197,40.35,23.5,12.1,1.2,1681,58.1,normal,
1754212365478,198,40.5,23.5,12.09,1.2,1667,58,normal,
1754212365578,199,40.5,23.55,12.11,1.19,1685,58.1,normal,
1754212365678,200,40.6,23.55,12.09,1.2,1691,58.1,normal,
1754212365778,201,40.650000000000006,23.5,12.1,1.19,1694,58.2,normal,
1754212365878,202,40.7,23.55,12.11,1.19,1702,58,normal,
1754212365978,203,40.7,23.55,12.11,1.21,1705,57.400000000000006,normal,
1754212366078,204,40.75,23.55,12.11,1.21,1716,58,normal,
1754212366178,205,40.85,23.5,12.11,1.2,1728,58,normal,
1754212366278,206,40.85,23.5,12.11,1.17,1716,58,normal,
1754212366378,207,40.900000000000006,23.5,12.11,1.2,1725,57.300000000000004,normal,
1754212366478,208,40.900000000000006,23.5,12.11,1.2,1733,58,normal,
1754212366578,209,40.900000000000006,23.5,12.1,1.18,1743,58.6,normal,
1754212366678,210,41.050000000000004,23.5,12.1,1.19,1737,57.900000000000006,normal,
1754212366778,211,41.1,23.55,12.1,1.19,1743,57.800000000000004,normal,
1754212366878,212,41.050000000000004,23.55,12.11,1.21,1752,57.800000000000004,normal,
1754212366978,213,41.150000000000006,23.55,12.1,1.19,1776,57.7,normal,
1754212367078,214,41.150000000000006,23.5,12.13,1.19,1766,58.1,normal,
1754212367178,215,41.2,23.55,12.11,1.19,1779,57.300000000000004,normal,
1754212367278,216,41.300000000000004,23.55,12.1,1.19,1782,57.5,normal,
1754212367378,217,41.25,23.5,12.11,1.21,1785,57.5,normal,
1754212367478,218,41.35,23.55,12.11,1.2,1793,57.300000000000004,normal,
1754212367578,219,41.400000000000006,23.55,12.1,1.19,1811,57.7,normal,
1754212367678,220,41.45,23.5,12.1,1.21,1809,57.800000000000004,normal,
1754212367778,221,41.45,23.55,12.120000000000001,1.19,1812,57.900000000000006,normal,
1754212367878,222,41.550000000000004,23.55,12.1,1.2,1808,57.300000000000004,normal,
1754212367978,223,41.550000000000004,23.55,12.11,1.19,1818,57.7,normal,
1754212368078,224,41.550000000000004,23.55,12.11,1.21,1828,57.7,normal,
1754212368178,225,41.650000000000006,23.5,12.11,1.22,1822,57.2,normal,
1754212368278,226,41.650000000000006,23.55,12.1,1.19,1842,57.800000000000004,normal,
1754212368378,227,41.7,23.5,12.11,1.19,1846,57.2,normal,
1754212368478,228,41.800000000000004,23.55,12.120000000000001,1.21,1840,57.300000000000004,normal,
1754212368578,229,41.900000000000006,23.5,12.120000000000001,1.19,1852,57.6,normal,
1754212368678,230,41.85,23.55,12.11,1.18,1856,57.7,normal,
1754212368778,231,41.900000000000006,23.5,12.11,1.19,1855,57.800000000000004,normal,
1754212368878,232,42,23.55,12.11,1.18,1865,57.6,normal,
1754212368978,233,41.95,23.55,12.120000000000001,1.2,1864,57.5,normal,
1754212369078,234,42,23.5,12.120000000000001,1.2,1878,57.5,normal,
1754212369178,235,42.050000000000004,23.5,12.1,1.21,1876,57.5,normal,
1754212369278,236,42.150000000000006,23.5,12.1,1.21,1888,57.5,normal,
1754212369378,237,42.150000000000006,23.5,12.120000000000001,1.21,1881,57.5,normal,
1754212369478,238,42.300000000000004,23.55,12.1,1.21,1890,57.900000000000006,normal,
1754212369578,239,42.2,23.5,12.1,1.2,1906,57.900000000000006,normal,
1754212369678,240,42.300000000000004,23.55,12.1,1.22,1906,57.6,normal,
1754212369778,241,42.300000000000004,23.5,12.1,1.21,1900,57.6,normal,
1754212369878,242,42.35,23.5,12.1,1.21,1915,57.5,normal,
1754212369978,243,42.300000000000004,23.55,12.1,1.21,1919,58.2,normal,
1754212370078,244,42.35,23.55,12.11,1.2,1919,57.5,normal,
1754212370178,245,42.45,23.55,12.120000000000001,1.18,1929,58,normal,
1754212370278,246,42.5,23.55,12.13,1.23,1938,57.7,normal,
1754212370378,247,42.550000000000004,23.55,12.1,1.21,1936,57.800000000000004,normal,
1754212370478,248,42.550000000000004,23.5,12.120000000000001,1.19,1927,57.5,normal,
1754212370578,249,42.550000000000004,23.55,12.120000000000001,1.21,1937,57.800000000000004,normal,
1754212370678,250,42.6,23.55,12.1,1.22,1947,58,normal,
1754212370778,251,42.550000000000004,23.5,12.120000000000001,1.21,1944,57.900000000000006,normal,
1754212370878,252,42.650000000000006,23.5,12.1,1.21,1959,57.900000000000006,normal,
1754212370978,253,42.650000000000006,23.55,12.11,1.2,1954,58.6,normal,
1754212371078,254,42.7,23.5,12.1,1.2,1966,57.900000000000006,normal,
1754212371178,255,42.7,23.5,12.120000000000001,1.21,1962,57.7,normal,
1754212371278,256,42.800000000000004,23.55,12.11,1.23,1987,57.900000000000006,normal,
1754212371378,257,42.85,23.55,12.1,1.21,1978,58.6,normal,
1754212371478,258,42.85,23.55,12.120000000000001,1.21,1994,57.900000000000006,normal,
1754212371578,259,42.85,23.5,12.1,1.23,1986,58.5,normal,
1754212371678,260,42.900000000000006,23.55,12.1,1.23,1980,58.1,normal,
1754212371778,261,42.95,23.5,12.120000000000001,1.21,1999,58.7,normal,
1754212371878,262,42.95,23.55,12.1,1.19,1988,59,normal,
1754212371978,263,43.050000000000004,23.55,12.1,1.24,2008,58.6,normal,
1754212372078,264,43.050000000000004,23.5,12.120000000000001,1.21,2015,58.6,normal,
1754212372178,265,43.1,23.55,12.1,1.22,2010,57.800000000000004,normal,
1754212372278,266,43.150000000000006,23.5,12.1,1.22,2000,58.6,normal,
1754212372378,267,43.150000000000006,23.5,12.11,1.22,2022,58.6,normal,
1754212372478,268,43.2,23.55,12.1,1.22,2031,59.1,normal,
1754212372578,269,43.2,23.55,12.1,1.23,2032,58.7,normal,
1754212372678,270,43.2,23.5,12.1,1.2,2036,59.1,normal,
1754212372778,271,43.25,23.55,12.1,1.23,2037,59.900000000000006,normal,
1754212372878,272,43.35,23.55,12.1,1.21,2038,58.7,normal,
1754212372978,273,43.35,23.55,12.09,1.22,2052,59.1,normal,
1754212373078,274,43.400000000000006,23.55,12.11,1.25,2044,59.1,normal,
1754212373178,275,43.400000000000006,23.55,12.11,1.23,2040,59.300000000000004,normal,
1754212373278,276,43.5,23.5,12.13,1.23,2056,59.400000000000006,normal,
1754212373378,277,43.45,23.55,12.1,1.21,2065,59.5,normal,
1754212373478,278,43.5,23.55,12.1,1.24,2060,59.400000000000006,normal,
1754212373578,279,43.6,23.55,12.120000000000001,1.2,2066,59.400000000000006,normal,
1754212373678,280,43.6,23.55,12.1,1.22,2081,59.800000000000004,normal,
1754212373778,281,43.7,23.55,12.1,1.25,2076,60.300000000000004,normal,
1754212373878,282,43.650000000000006,23.55,12.1,1.24,2090,60.1,normal,
1754212373978,283,43.650000000000006,23.55,12.11,1.23,2090,59.800000000000004,normal,
1754212374078,284,43.7,23.55,12.11,1.23,2084,60,normal,
1754212374178,285,43.800000000000004,23.5,12.1,1.23,2104,60.400000000000006,normal,
1754212374278,286,43.75,23.55,12.09,1.22,2082,60,normal,
1754212374378,287,43.75,23.5,12.09,1.24,2092,60.1,normal,
1754212374478,288,43.900000000000006,23.55,12.09,1.24,2106,59.800000000000004,normal,
1754212374578,289,43.900000000000006,23.5,12.1,1.25,2101,60.300000000000004,normal,
1754212374678,290,43.95,23.55,12.09,1.25,2118,60.2,normal,
1754212374778,291,43.900000000000006,23.55,12.09,1.24,2118,60.7,normal,
1754212374878,292,43.95,23.55,12.09,1.22,2112,60.6,normal,
1754212374978,293,44.050000000000004,23.55,12.09,1.25,2121,60.6,normal,
1754212375078,294,44.1,23.5,12.1,1.23,2128,60.900000000000006,normal,
1754212375178,295,44.050000000000004,23.5,12.11,1.22,2130,60.800000000000004,normal,
1754212375278,296,44.1,23.55,12.09,1.24,2135,60.6,normal,
1754212375378,297,44.1,23.55,12.1,1.23,2148,60.7,normal,
1754212375478,298,44.150000000000006,23.55,12.1,1.25,2129,61,normal,
1754212375578,299,44.25,23.55,12.1,1.25,2146,61.1,normal,
1754212375678,300,44.2,23.55,12.1,1.26,2149,60.900000000000006,normal,
1754212375778,301,44.300000000000004,23.55,12.09,1.25,2155,60.900000000000006,normal,
1754212375878,302,44.300000000000004,23.55,12.1,1.28,2163,61.2,normal,
1754212375978,303,44.300000000000004,23.55,12.11,1.26,2166,61.5,normal,
1754212376078,304,44.300000000000004,23.5,12.09,1.26,2168,61.300000000000004,normal,
1754212376178,305,44.35,23.55,12.1,1.25,2166,61.7,normal,
1754212376278,306,44.400000000000006,23.5,12.1,1.27,2164,61.400000000000006,normal,
1754212376378,307,44.45,23.55,12.09,1.27,2174,61.800000000000004,normal,
1754212376478,308,44.400000000000006,23.55,12.1,1.26,2171,61.7,normal,
1754212376578,309,44.45,23.55,12.09,1.25,2185,62,normal,
1754212376678,310,44.550000000000004,23.55,12.08,1.27,2192,61.7,normal,
1754212376778,311,44.5,23.55,12.11,1.26,2191,61.300000000000004,normal,
1754212376878,312,44.6,23.55,12.09,1.26,2188,61.7,normal,
1754212376978,313,44.6,23.55,12.09,1.26,2187,61.900000000000006,normal,
1754212377078,314,44.7,23.55,12.09,1.29,2199,62,normal,
1754212377178,315,44.7,23.55,12.09,1.27,2204,62.2,normal,
1754212377278,316,44.650000000000006,23.55,12.1,1.26,2190,61.900000000000006,normal,
1754212377378,317,44.75,23.55,12.09,1.27,2218,62.300000000000004,normal,
1754212377478,318,44.7,23.55,12.09,1.27,2206,62.5,normal,
1754212377578,319,44.75,23.55,12.08,1.28,2209,61.900000000000006,normal,
1754212377678,320,44.800000000000004,23.55,12.09,1.27,2225,62.1,normal,
1754212377778,321,44.75,23.55,12.09,1.27,2233,62.6,normal,
1754212377878,322,44.85,23.55,12.11,1.26,2233,62.2,normal,
1754212377978,323,45,23.55,12.09,1.26,2229,62,normal,
1754212378078,324,44.85,23.55,12.09,1.26,2232,61.800000000000004,normal,
1754212378178,325,44.900000000000006,23.55,12.08,1.27,2234,62.900000000000006,normal,
1754212378278,326,44.95,23.55,12.08,1.27,2239,62.5,normal,
1754212378378,327,45,23.55,12.09,1.3,2237,62.900000000000006,normal,
1754212378478,328,45.050000000000004,23.55,12.08,1.27,2251,62.7,normal,
1754212378578,329,45.050000000000004,23.55,12.09,1.28,2237,62.800000000000004,normal,
1754212378678,330,45.1,23.55,12.09,1.28,2255,63.1,normal,
1754212378778,331,45.1,23.5,12.09,1.28,2267,62.6,normal,
1754212378878,332,45.150000000000006,23.55,12.09,1.27,2265,62.6,normal,
1754212378978,333,45.150000000000006,23.55,12.09,1.28,2266,62.800000000000004,normal,
1754212379078,334,45.25,23.6,12.07,1.28,2267,62.7,normal,
1754212379178,335,45.25,23.55,12.08,1.26,2264,62.7,normal,
1754212379278,336,45.25,23.55,12.09,1.28,2280,62.900000000000006,normal,
1754212379378,337,45.25,23.55,12.07,1.31,2274,62.6,normal,
1754212379478,338,45.35,23.55,12.09,1.26,2283,62.7,normal,
1754212379578,339,45.300000000000004,23.55,12.09,1.3,2277,62.7,normal,
1754212379678,340,45.35,23.55,12.1,1.28,2276,62.2,normal,
1754212379778,341,45.400000000000006,23.55,12.09,1.29,2296,62.800000000000004,normal,
1754212379878,342,45.400000000000006,23.55,12.11,1.28,2285,62.900000000000006,normal,
1754212379978,343,45.400000000000006,23.55,12.1,1.27,2297,62.5,normal,
1754212380078,344,45.400000000000006,23.6,12.1,1.28,2290,63.1,normal,
1754212380178,345,45.5,23.55,12.08,1.26,2297,62.7,normal,
1754212380278,346,45.6,23.55,12.09,1.29,2301,62.6,normal,
1754212380378,347,45.550000000000004,23.55,12.09,1.27,2308,63.300000000000004,normal,
1754212380478,348,45.6,23.55,12.09,1.26,2313,62.800000000000004,normal,
1754212380578,349,45.6,23.6,12.09,1.26,2311,62.300000000000004,normal,
1754212380678,350,45.650000000000006,23.55,12.08,1.26,2311,62.300000000000004,normal,
1754212380778,351,45.650000000000006,23.55,12.1,1.29,2313,62.5,normal,
1754212380878,352,45.7,23.55,12.09,1.28,2315,62.1,normal,
1754212380978,353,45.650000000000006,23.55,12.08,1.29,2324,62.400000000000006,normal,
1754212381078,354,45.75,23.55,12.1,1.28,2325,62.400000000000006,normal,
1754212381178,355,45.7,23.55,12.1,1.27,2323,62.400000000000006,normal,
1754212381278,356,45.800000000000004,23.55,12.1,1.28,2337,62,normal,
1754212381378,357,45.75,23.6,12.09,1.27,2338,61.900000000000006,normal,
1754212381478,358,45.800000000000004,23.6,12.09,1.27,2340,62.2,normal,
1754212381578,359,45.75,23.6,12.09,1.27,2330,62.1,normal,
1754212381678,360,45.800000000000004,23.55,12.08,1.27,2345,62.5,normal,
1754212381778,361,45.800000000000004,23.6,12.09,1.26,2343,61.7,normal,
1754212381878,362,45.85,23.55,12.09,1.27,2347,62,normal,
1754212381978,363,45.95,23.55,12.08,1.26,2344,61.7,normal,
1754212382078,364,45.800000000000004,23.55,12.09,1.26,2344,61.900000000000006,normal,
1754212382178,365,45.95,23.55,12.08,1.28,2350,61.900000000000006,normal,
1754212382278,366,45.95,23.55,12.09,1.26,2349,62,normal,
1754212382378,367,45.95,23.6,12.08,1.27,2363,61.6,normal,
1754212382478,368,45.95,23.55,12.1,1.27,2363,61.2,normal,
1754212382578,369,46.050000000000004,23.6,12.1,1.26,2364,61.7,normal,
1754212382678,370,46,23.6,12.09,1.27,2367,60.800000000000004,normal,
1754212382778,371,46.050000000000004,23.6,12.09,1.28,2377,61.2,normal,
1754212382878,372,46.050000000000004,23.55,12.11,1.28,2376,61.2,normal,
1754212382978,373,46.1,23.6,12.1,1.26,2367,61.2,normal,
1754212383078,374,46.150000000000006,23.6,12.09,1.23,2368,60.800000000000004,normal,
1754212383178,375,46.2,23.55,12.1,1.28,2374,60.800000000000004,normal,
1754212383278,376,46.150000000000006,23.6,12.09,1.27,2380,60.7,normal,
1754212383378,377,46.150000000000006,23.6,12.09,1.24,2393,60.5,normal,
1754212383478,378,46.25,23.55,12.09,1.26,2396,61.2,normal,
1754212383578,379,46.2,23.55,12.08,1.22,2381,60.7,normal,
1754212383678,380,46.2,23.55,12.09,1.24,2388,60.800000000000004,normal,
1754212383778,381,46.300000000000004,23.6,12.11,1.21,2397,60.400000000000006,normal,
1754212383878,382,46.2,23.55,12.1,1.23,2387,60.300000000000004,normal,
1754212383978,383,46.300000000000004,23.6,12.1,1.22,2400,60.2,normal,
1754212384078,384,46.300000000000004,23.6,12.09,1.25,2398,59.7,normal,
1754212384178,385,46.25,23.55,12.1,1.25,2395,59.6,normal,
1754212384278,386,46.300000000000004,23.55,12.08,1.22,2391,59.7,normal,
1754212384378,387,46.35,23.55,12.1,1.23,2398,59.1,normal,
1754212384478,388,46.45,23.6,12.11,1.2,2408,59.5,normal,
1754212384578,389,46.400000000000006,23.55,12.08,1.23,2404,59.2,normal,
1754212384678,390,46.400000000000006,23.55,12.09,1.23,2400,59.2,normal,
1754212384778,391,46.5,23.55,12.09,1.22,2411,58.900000000000006,normal,
1754212384878,392,46.400000000000006,23.6,12.1,1.25,2426,58.7,normal,
1754212384978,393,46.45,23.6,12.1,1.24,2414,58.800000000000004,normal,
1754212385078,394,46.45,23.6,12.09,1.22,2417,58,normal,
1754212385178,395,46.45,23.6,12.11,1.24,2428,58.5,normal,
1754212385278,396,46.550000000000004,23.6,12.1,1.22,2419,58.1,normal,
1754212385378,397,46.5,23.6,12.11,1.22,2433,57.800000000000004,normal,
1754212385478,398,46.5,23.55,12.11,1.24,2435,57.900000000000006,normal,
1754212385578,399,46.550000000000004,23.6,12.11,1.2,2428,57.800000000000004,normal,
1754212385678,400,46.5,23.55,12.1,1.22,2435,57.1,normal,
1754212385778,401,46.550000000000004,23.6,12.11,1.19,2441,57.1,normal,
1754212385878,402,46.550000000000004,23.55,12.11,1.19,2427,57.300000000000004,normal,
1754212385978,403,46.550000000000004,23.6,12.1,1.19,2431,56.5,normal,
1754212386078,404,46.6,23.6,12.1,1.22,2443,57,normal,
1754212386178,405,46.6,23.6,12.1,1.21,2432,56.400000000000006,normal,
1754212386278,406,46.650000000000006,23.55,12.11,1.19,2442,56.400000000000006,normal,
1754212386378,407,46.650000000000006,23.55,12.120000000000001,1.22,2446,55.900000000000006,normal,
1754212386478,408,46.550000000000004,23.55,12.120000000000001,1.19,2454,56.2,normal,
1754212386578,409,46.6,23.6,12.120000000000001,1.21,2445,56.1,normal,
1754212386678,410,46.650000000000006,23.55,12.11,1.2,2454,55.400000000000006,normal,
1754212386778,411,46.650000000000006,23.6,12.13,1.19,2451,55.5,normal,
1754212386878,412,46.7,23.6,12.11,1.2,2451,55.2,normal,
1754212386978,413,46.6,23.6,12.120000000000001,1.1500000000000001,2461,54.7,normal,
1754212387078,414,46.75,23.6,12.120000000000001,1.19,2465,54.7,normal,
1754212387178,415,46.75,23.6,12.13,1.17,2453,53.800000000000004,normal,
1754212387278,416,46.75,23.6,12.120000000000001,1.18,2450,53.900000000000006,normal,
1754212387378,417,46.7,23.6,12.13,1.19,2455,54.300000000000004,normal,
1754212387478,418,46.75,23.6,12.11,1.17,2467,53.800000000000004,normal,
1754212387578,419,46.75,23.55,12.120000000000001,1.17,2462,53,normal,
1754212387678,420,46.75,23.6,12.120000000000001,1.17,2469,53.1,normal,
1754212387778,421,46.800000000000004,23.6,12.120000000000001,1.17,2473,53.2,normal,
1754212387878,422,46.75,23.6,12.13,1.17,2468,52.5,normal,
1754212387978,423,46.85,23.6,12.13,1.18,2475,52.2,normal,
1754212388078,424,46.75,23.6,12.14,1.17,2481,52.2,normal,
1754212388178,425,46.75,23.6,12.13,1.1500000000000001,2482,52.1,normal,
1754212388278,426,46.75,23.6,12.13,1.1400000000000001,2485,51.6,normal,
1754212388378,427,46.85,23.6,12.13,1.1500000000000001,2483,51.800000000000004,normal,
1754212388478,428,46.800000000000004,23.6,12.13,1.1300000000000001,2486,51.800000000000004,normal,
1754212388578,429,46.85,23.6,12.14,1.1400000000000001,2480,51.1,normal,
1754212388678,430,46.800000000000004,23.6,12.13,1.1300000000000001,2481,50.900000000000006,normal,
1754212388778,431,46.800000000000004,23.6,12.120000000000001,1.1300000000000001,2487,50.400000000000006,normal,
1754212388878,432,46.800000000000004,23.6,12.14,1.12,2485,50.300000000000004,normal,
1754212388978,433,46.85,23.6,12.14,1.1300000000000001,2493,50.1,normal,
1754212389078,434,46.85,23.55,12.15,1.11,2499,50.2,normal,
1754212389178,435,46.800000000000004,23.6,12.15,1.12,2493,49.2,normal,
1754212389278,436,46.85,23.6,12.15,1.11,2485,49.2,normal,
1754212389378,437,46.85,23.6,12.15,1.09,2492,49,normal,
1754212389478,438,46.800000000000004,23.6,12.13,1.11,2489,48.7,normal,
1754212389578,439,46.85,23.6,12.16,1.1,2491,48.6,normal,
1754212389678,440,46.85,23.6,12.14,1.1,2497,47.800000000000004,normal,
1754212389778,441,46.800000000000004,23.6,12.14,1.09,2505,47.900000000000006,normal,
1754212389878,442,46.85,23.6,12.15,1.1,2500,48.1,normal,
1754212389978,443,46.85,23.650000000000002,12.16,1.1,2491,47.300000000000004,normal,
1754212390078,444,46.85,23.6,12.16,1.07,2488,47.1,normal,
1754212390178,445,46.85,23.6,12.14,1.09,2504,47,normal,
1754212390278,446,46.85,23.6,12.15,1.07,2499,46.900000000000006,normal,
1754212390378,447,46.800000000000004,23.6,12.15,1.09,2503,46.5,normal,
1754212390478,448,46.85,23.6,12.16,1.09,2505,46.300000000000004,normal,
1754212390578,449,46.85,23.6,12.16,1.07,2511,46.5,normal,
1754212390678,450,46.800000000000004,23.6,12.17,1.06,2502,45.800000000000004,normal,
1754212390778,451,46.85,23.6,12.17,1.07,2515,45.7,normal,
1754212390878,452,46.900000000000006,23.6,12.16,1.08,2508,45.400000000000006,normal,
1754212390978,453,46.85,23.6,12.17,1.05,2503,44.5,normal,
1754212391078,454,46.85,23.6,12.16,1.04,2487,44.6,normal,
1754212391178,455,46.900000000000006,23.55,12.16,1.08,2504,44.400000000000006,normal,
1754212391278,456,46.85,23.6,12.15,1.03,2504,44.5,normal,
1754212391378,457,46.900000000000006,23.6,12.18,1.06,2492,43.6,normal,
1754212391478,458,46.900000000000006,23.55,12.16,1.04,2501,43.300000000000004,normal,
1754212391578,459,46.800000000000004,23.6,12.16,1.05,2507,43.5,normal,
1754212391678,460,46.85,23.55,12.17,1.03,2514,42.900000000000006,normal,
1754212391778,461,46.75,23.6,12.17,1.05,2507,42.900000000000006,normal,
1754212391878,462,46.85,23.650000000000002,12.17,1.04,2501,42.400000000000006,normal,
1754212391978,463,46.800000000000004,23.6,12.17,1.02,2504,42.300000000000004,normal,
1754212392078,464,46.85,23.6,12.17,1.03,2510,41.900000000000006,normal,
1754212392178,465,46.85,23.6,12.18,1.01,2508,42.1,normal,
1754212392278,466,46.800000000000004,23.6,12.18,1.03,2490,41.900000000000006,normal,
1754212392378,467,46.85,23.6,12.19,1.02,2497,41.2,normal,
1754212392478,468,46.800000000000004,23.6,12.18,1.02,2510,41,normal,
1754212392578,469,46.800000000000004,23.6,12.17,1.01,2515,41.1,normal,
1754212392678,470,46.800000000000004,23.6,12.17,1,2513,40.7,normal,
1754212392778,471,46.75,23.6,12.19,1.01,2509,40,normal,
1754212392878,472,46.85,23.6,12.19,1,2500,40.2,normal,
1754212392978,473,46.7,23.6,12.19,0.98,2509,39.7,normal,
1754212393078,474,46.800000000000004,23.6,12.18,1,2514,39.7,normal,
1754212393178,475,46.7,23.6,12.18,0.99,2507,39.300000000000004,normal,
1754212393278,476,46.7,23.6,12.19,0.98,2503,39.1,normal,
1754212393378,477,46.7,23.6,12.19,0.97,2507,38.800000000000004,normal,
1754212393478,478,46.7,23.6,12.18,0.97,2495,39.2,normal,
1754212393578,479,46.650000000000006,23.6,12.18,0.98,2508,38.1,normal,
1754212393678,480,46.650000000000006,23.6,12.19,0.99,2507,38.5,normal,
1754212393778,481,46.650000000000006,23.6,12.200000000000001,0.96,2510,37.800000000000004,normal,
1754212393878,482,46.650000000000006,23.6,12.18,0.97,2496,37.5,normal,
1754212393978,483,46.650000000000006,23.6,12.200000000000001,0.96,2502,37.6,normal,
1754212394078,484,46.6,23.6,12.200000000000001,0.98,2516,36.9,normal,
1754212394178,485,46.550000000000004,23.6,12.19,0.97,2504,37,normal,
1754212394278,486,46.650000000000006,23.6,12.200000000000001,0.9400000000000001,2500,37,normal,
1754212394378,487,46.5,23.6,12.21,0.97,2506,36.300000000000004,normal,
1754212394478,488,46.6,23.6,12.200000000000001,0.97,2501,36.4,normal,
1754212394578,489,46.6,23.6,12.200000000000001,0.9400000000000001,2505,36.300000000000004,normal,
1754212394678,490,46.5,23.6,12.22,0.93,2501,36.6,normal,
1754212394778,491,46.550000000000004,23.6,12.21,0.93,2498,36,normal,
1754212394878,492,46.6,23.6,12.21,0.9400000000000001,2498,35.2,normal,
1754212394978,493,46.5,23.6,12.200000000000001,0.92,2505,35.800000000000004,normal,
1754212395078,494,46.6,23.6,12.21,0.92,2497,34.9,normal,
1754212395178,495,46.5,23.6,12.22,0.91,2491,34.800000000000004,normal,
1754212395278,496,46.400000000000006,23.6,12.200000000000001,0.9400000000000001,2505,34.800000000000004,normal,
1754212395378,497,46.5,23.6,12.21,0.93,2502,34.300000000000004,normal,
1754212395478,498,46.45,23.6,12.200000000000001,0.93,2492,33.9,normal,
1754212395578,499,46.400000000000006,23.650000000000002,12.22,0.92,2485,33.9,normal,
1754212395678,500,46.45,23.6,12.21,0.89,2499,33.9,normal,
1754212395778,501,46.45,23.6,12.22,0.93,2500,33.7,normal,
1754212395878,502,46.400000000000006,23.6,12.200000000000001,0.91,2492,33.2,normal,
1754212395978,503,46.400000000000006,23.6,12.21,0.91,2494,33.4,normal,
1754212396078,504,46.35,23.6,12.200000000000001,0.91,2494,32.7,normal,
1754212396178,505,46.400000000000006,23.6,12.21,0.89,2490,32,normal,
1754212396278,506,46.35,23.6,12.21,0.9,2488,32.5,normal,
1754212396378,507,46.300000000000004,23.6,12.22,0.9,2494,32.9,normal,
1754212396478,508,46.300000000000004,23.6,12.22,0.91,2480,32.300000000000004,normal,
1754212396578,509,46.300000000000004,23.650000000000002,12.22,0.88,2477,32.5,normal,
1754212396678,510,46.300000000000004,23.650000000000002,12.21,0.89,2485,31.900000000000002,normal,
1754212396778,511,46.2,23.6,12.23,0.89,2480,31.400000000000002,normal,
1754212396878,512,46.300000000000004,23.6,12.22,0.88,2479,31.200000000000003,normal,
1754212396978,513,46.2,23.6,12.24,0.88,2485,31.3,normal,
1754212397078,514,46.2,23.6,12.22,0.87,2485,31.5,normal,
1754212397178,515,46.25,23.6,12.22,0.88,2476,31,normal,
1754212397278,516,46.25,23.650000000000002,12.21,0.88,2479,31,normal,
1754212397378,517,46.2,23.6,12.21,0.88,2473,30.6,normal,
1754212397478,518,46.1,23.6,12.22,0.88,2468,30.6,normal,
1754212397578,519,46.150000000000006,23.6,12.22,0.89,2462,30.700000000000003,normal,
1754212397678,520,46.1,23.6,12.23,0.87,2483,30.3,normal,
1754212397778,521,46.1,23.650000000000002,12.21,0.88,2467,30.200000000000003,normal,
1754212397878,522,46.1,23.6,12.21,0.85,2475,30.5,normal,
1754212397978,523,46.1,23.6,12.22,0.87,2463,30.6,normal,
1754212398078,524,46.050000000000004,23.6,12.22,0.86,2469,30.3,normal,
1754212398178,525,46.050000000000004,23.6,12.22,0.8300000000000001,2457,29.8,normal,
1754212398278,526,46.1,23.6,12.25,0.85,2463,29.8,normal,
1754212398378,527,46.1,23.650000000000002,12.22,0.86,2472,29.5,normal,
1754212398478,528,46,23.6,12.24,0.86,2465,29.400000000000002,normal,
1754212398578,529,46,23.6,12.23,0.86,2461,29.400000000000002,normal,
1754212398678,530,45.95,23.6,12.22,0.88,2454,29.900000000000002,normal,
1754212398778,531,46,23.6,12.24,0.86,2458,29,normal,
1754212398878,532,45.900000000000006,23.6,12.23,0.85,2457,29.200000000000003,normal,
1754212398978,533,45.95,23.6,12.23,0.86,2442,28.8,normal,
1754212399078,534,45.85,23.650000000000002,12.23,0.87,2460,28.3,normal,
1754212399178,535,45.85,23.6,12.23,0.84,2446,28.700000000000003,normal,
1754212399278,536,45.85,23.650000000000002,12.24,0.85,2449,28.400000000000002,normal,
1754212399378,537,45.900000000000006,23.6,12.23,0.85,2447,28.8,normal,
1754212399478,538,45.900000000000006,23.6,12.24,0.84,2448,28.400000000000002,normal,
1754212399578,539,45.85,23.6,12.22,0.84,2460,28.400000000000002,normal,
1754212399678,540,45.800000000000004,23.650000000000002,12.24,0.86,2442,28.3,normal,
1754212399778,541,45.75,23.650000000000002,12.23,0.84,2446,28.400000000000002,normal,
1754212399878,542,45.7,23.650000000000002,12.22,0.84,2447,28,normal,
1754212399978,543,45.75,23.6,12.23,0.87,2437,27.700000000000003,normal,
1754212400078,544,45.75,23.6,12.23,0.85,2435,28.3,normal,
1754212400178,545,45.75,23.650000000000002,12.24,0.85,2424,27.8,normal,
1754212400278,546,45.7,23.650000000000002,12.23,0.84,2436,27.700000000000003,normal,
1754212400378,547,45.650000000000006,23.6,12.23,0.8300000000000001,2443,27.900000000000002,normal,
1754212400478,548,45.75,23.650000000000002,12.25,0.85,2429,27.700000000000003,normal,
1754212400578,549,45.7,23.650000000000002,12.24,0.85,2421,27.900000000000002,normal,
1754212400678,550,45.650000000000006,23.650000000000002,12.23,0.8300000000000001,2419,27.6,normal,
1754212400778,551,45.6,23.6,12.23,0.85,2426,27.8,normal,
1754212400878,552,45.550000000000004,23.650000000000002,12.23,0.84,2418,27.900000000000002,normal,
1754212400978,553,45.6,23.650000000000002,12.25,0.85,2419,27.6,normal,
1754212401078,554,45.6,23.6,12.23,0.8200000000000001,2407,27.400000000000002,normal,
1754212401178,555,45.5,23.650000000000002,12.24,0.85,2422,27.1,normal,
1754212401278,556,45.5,23.650000000000002,12.24,0.8300000000000001,2417,27,normal,
1754212401378,557,45.550000000000004,23.650000000000002,12.24,0.8300000000000001,2407,27,normal,
1754212401478,558,45.45,23.650000000000002,12.25,0.8300000000000001,2404,27.6,normal,
1754212401578,559,45.550000000000004,23.650000000000002,12.23,0.8200000000000001,2408,27.6,normal,
1754212401678,560,45.45,23.650000000000002,12.23,0.8200000000000001,2405,27.200000000000003,normal,
1754212401778,561,45.400000000000006,23.650000000000002,12.23,0.8300000000000001,2411,27.200000000000003,normal,
1754212401878,562,45.45,23.650000000000002,12.23,0.8300000000000001,2403,27.8,normal,
1754212401978,563,45.35,23.650000000000002,12.23,0.8200000000000001,2402,27.6,normal,
1754212402078,564,45.35,23.650000000000002,12.22,0.8300000000000001,2402,27.900000000000002,normal,
1754212402178,565,45.400000000000006,23.650000000000002,12.22,0.8200000000000001,2402,27.400000000000002,normal,
1754212402278,566,45.35,23.6,12.23,0.8300000000000001,2404,27.400000000000002,normal,
1754212402378,567,45.300000000000004,23.650000000000002,12.23,0.84,2395,27.5,normal,
1754212402478,568,45.35,23.650000000000002,12.25,0.84,2396,27.1,normal,
1754212402578,569,45.35,23.650000000000002,12.24,0.84,2399,27.3,normal,
1754212402678,570,45.35,23.650000000000002,12.23,0.81,2387,27.400000000000002,normal,
1754212402778,571,45.300000000000004,23.650000000000002,12.24,0.8,2400,27.5,normal,
1754212402878,572,45.300000000000004,23.650000000000002,12.24,0.85,2392,27.3,normal,
1754212402978,573,45.35,23.650000000000002,12.25,0.85,2376,27.6,normal,
1754212403078,574,45.300000000000004,23.650000000000002,12.25,0.8300000000000001,2383,27.5,normal,
1754212403178,575,45.25,23.650000000000002,12.25,0.8200000000000001,2379,27.700000000000003,normal,
1754212403278,576,45.150000000000006,23.650000000000002,12.23,0.8300000000000001,2382,27.6,normal,
1754212403378,577,45.2,23.650000000000002,12.25,0.85,2378,28,normal,
1754212403478,578,45.150000000000006,23.650000000000002,12.25,0.81,2388,28.1,normal,
1754212403578,579,45.1,23.6,12.23,0.8300000000000001,2367,27.5,normal,
1754212403678,580,45.150000000000006,23.650000000000002,12.24,0.85,2377,27.700000000000003,normal,
1754212403778,581,45.2,23.650000000000002,12.25,0.84,2371,27.700000000000003,normal,
1754212403878,582,45.150000000000006,23.650000000000002,12.24,0.84,2365,27.8,normal,
1754212403978,583,45.150000000000006,23.650000000000002,12.24,0.8300000000000001,2379,27.900000000000002,normal,
1754212404078,584,45.1,23.650000000000002,12.22,0.84,2359,27.8,normal,
1754212404178,585,45.150000000000006,23.650000000000002,12.24,0.8300000000000001,2370,27.5,normal,
1754212404278,586,45.050000000000004,23.650000000000002,12.24,0.8200000000000001,2360,27.6,normal,
1754212404378,587,45.1,23.650000000000002,12.24,0.8200000000000001,2372,27.700000000000003,normal,
1754212404478,588,45,23.650000000000002,12.27,0.84,2353,28.1,normal,
1754212404578,589,45.050000000000004,23.650000000000002,12.24,0.81,2356,28.200000000000003,normal,
1754212404678,590,45,23.650000000000002,12.24,0.84,2358,27.5,normal,
1754212404778,591,45.050000000000004,23.650000000000002,12.23,0.84,2359,28.200000000000003,normal,
1754212404878,592,44.95,23.650000000000002,12.24,0.84,2347,28.200000000000003,normal,
1754212404978,593,45,23.650000000000002,12.23,0.84,2355,28.6,normal,
1754212405078,594,44.900000000000006,23.650000000000002,12.23,0.84,2354,28.5,normal,
1754212405178,595,44.85,23.650000000000002,12.23,0.84,2353,28.400000000000002,normal,
1754212405278,596,44.95,23.650000000000002,12.23,0.84,2348,28.6,normal,
1754212405378,597,44.95,23.650000000000002,12.24,0.84,2348,28.6,normal,
1754212405478,598,44.900000000000006,23.650000000000002,12.24,0.85,2348,28.8,normal,
1754212405578,599,44.95,23.650000000000002,12.23,0.85,2342,28.700000000000003,normal,
1754212405678,600,44.85,23.650000000000002,12.23,0.84,2353,28.8,normal,
1754212405778,601,44.900000000000006,23.650000000000002,12.22,0.86,2338,28.3,normal,
1754212405878,602,44.800000000000004,23.650000000000002,12.25,0.86,2337,29.1,normal,
1754212405978,603,44.900000000000006,23.650000000000002,12.24,0.86,2337,28.6,normal,
1754212406078,604,44.85,23.650000000000002,12.23,0.84,2338,28.8,normal,
1754212406178,605,44.800000000000004,23.650000000000002,12.23,0.8300000000000001,2338,29,normal,
1754212406278,606,44.75,23.650000000000002,12.24,0.8300000000000001,2331,29,normal,
1754212406378,607,44.85,23.650000000000002,12.23,0.84,2334,28.900000000000002,normal,
1754212406478,608,44.800000000000004,23.650000000000002,12.24,0.85,2336,29.400000000000002,normal,
1754212406578,609,44.800000000000004,23.650000000000002,12.22,0.86,2325,29.6,normal,
1754212406678,610,44.85,23.650000000000002,12.22,0.85,2335,29.3,normal,
1754212406778,611,44.75,23.650000000000002,12.24,0.85,2319,29.6,normal,
1754212406878,612,44.75,23.650000000000002,12.23,0.87,2332,29.8,normal,
1754212406978,613,44.7,23.650000000000002,12.22,0.86,2331,29.700000000000003,normal,
1754212407078,614,44.650000000000006,23.650000000000002,12.22,0.84,2327,29.400000000000002,normal,
1754212407178,615,44.75,23.650000000000002,12.24,0.85,2314,29.200000000000003,normal,
1754212407278,616,44.7,23.650000000000002,12.24,0.85,2320,29.900000000000002,normal,
1754212407378,617,44.75,23.650000000000002,12.23,0.88,2328,29.8,normal,
1754212407478,618,44.7,23.650000000000002,12.23,0.85,2315,29.900000000000002,normal,
1754212407578,619,44.7,23.650000000000002,12.22,0.88,2320,30.200000000000003,normal,
1754212407678,620,44.6,23.650000000000002,12.24,0.85,2323,30.3,normal,
1754212407778,621,44.6,23.650000000000002,12.23,0.86,2315,30.5,normal,
1754212407878,622,44.7,23.650000000000002,12.22,0.85,2311,30.1,normal,
1754212407978,623,44.650000000000006,23.650000000000002,12.23,0.88,2315,30.3,normal,
1754212408078,624,44.650000000000006,23.650000000000002,12.24,0.88,2323,30.1,normal,
1754212408178,625,44.650000000000006,23.650000000000002,12.23,0.85,2312,30.1,normal,
1754212408278,626,44.650000000000006,23.650000000000002,12.23,0.88,2305,30.6,normal,
1754212408378,627,44.6,23.650000000000002,12.23,0.88,2309,30.6,normal,
1754212408478,628,44.650000000000006,23.650000000000002,12.24,0.88,2311,30.700000000000003,normal,
1754212408578,629,44.6,23.650000000000002,12.23,0.88,2293,30.900000000000002,normal,
1754212408678,630,44.6,23.650000000000002,12.24,0.87,2293,30.700000000000003,normal,
1754212408778,631,44.550000000000004,23.650000000000002,12.23,0.87,2306,30.6,normal,
1754212408878,632,44.550000000000004,23.700000000000003,12.24,0.88,2301,30.6,normal,
1754212408978,633,44.6,23.650000000000002,12.23,0.89,2310,30.6,normal,
1754212409078,634,44.6,23.650000000000002,12.23,0.86,2299,31,normal,
1754212409178,635,44.550000000000004,23.650000000000002,12.24,0.89,2300,31,normal,
1754212409278,636,44.6,23.650000000000002,12.23,0.87,2292,30.700000000000003,normal,
1754212409378,637,44.550000000000004,23.700000000000003,12.23,0.87,2294,31.1,normal,
1754212409478,638,44.6,23.650000000000002,12.22,0.88,2294,30.8,normal,
1754212409578,639,44.5,23.650000000000002,12.22,0.86,2301,31.200000000000003,normal,
1754212409678,640,44.550000000000004,23.650000000000002,12.23,0.89,2292,31.1,normal,
1754212409778,641,44.6,23.650000000000002,12.21,0.86,2293,31.6,normal,
1754212409878,642,44.5,23.650000000000002,12.22,0.89,2295,31.5,normal,
1754212409978,643,44.45,23.650000000000002,12.23,0.89,2286,31.3,normal,
1754212410078,644,44.550000000000004,23.700000000000003,12.24,0.89,2284,31.5,normal,
1754212410178,645,44.45,23.650000000000002,12.22,0.88,2300,32,normal,
1754212410278,646,44.45,23.650000000000002,12.22,0.88,2272,31.5,normal,
1754212410378,647,44.5,23.650000000000002,12.23,0.91,2278,31.900000000000002,normal,
1754212410478,648,44.5,23.650000000000002,12.22,0.88,2289,31.3,normal,
1754212410578,649,44.5,23.650000000000002,12.23,0.9,2282,32,normal,
1754212410678,650,44.5,23.700000000000003,12.22,0.88,2279,31.8,normal,
1754212410778,651,44.45,23.650000000000002,12.21,0.87,2279,32,normal,
1754212410878,652,44.45,23.650000000000002,12.22,0.87,2282,32,normal,
1754212410978,653,44.400000000000006,23.650000000000002,12.22,0.9,2293,31.6,normal,
1754212411078,654,44.45,23.650000000000002,12.22,0.9,2279,31.6,normal,
1754212411178,655,44.400000000000006,23.650000000000002,12.21,0.87,2277,31.700000000000003,normal,
1754212411278,656,44.400000000000006,23.700000000000003,12.22,0.88,2286,31.900000000000002,normal,
1754212411378,657,44.35,23.700000000000003,12.23,0.9,2274,31.900000000000002,normal,
1754212411478,658,44.45,23.650000000000002,12.22,0.89,2279,32.2,normal,
1754212411578,659,44.400000000000006,23.650000000000002,12.22,0.89,2282,32.5,normal,
1754212411678,660,44.400000000000006,23.650000000000002,12.22,0.89,2282,32.1,normal,
1754212411778,661,44.400000000000006,23.700000000000003,12.23,0.89,2279,32.7,normal,
1754212411878,662,44.400000000000006,23.700000000000003,12.23,0.92,2268,32.1,normal,
1754212411978,663,44.35,23.700000000000003,12.22,0.9,2280,32.2,normal,
1754212412078,664,44.400000000000006,23.650000000000002,12.21,0.88,2279,32.2,normal,
1754212412178,665,44.400000000000006,23.650000000000002,12.21,0.92,2260,32.7,normal,
1754212412278,666,44.400000000000006,23.650000000000002,12.22,0.93,2270,32.6,normal,
1754212412378,667,44.35,23.650000000000002,12.23,0.9,2278,32.300000000000004,normal,
1754212412478,668,44.35,23.650000000000002,12.22,0.89,2277,32,normal,
1754212412578,669,44.400000000000006,23.650000000000002,12.23,0.9,2285,31.8,normal,
1754212412678,670,44.25,23.650000000000002,12.23,0.9,2274,32.7,normal,
1754212412778,671,44.300000000000004,23.650000000000002,12.24,0.89,2261,31.8,normal,
1754212412878,672,44.400000000000006,23.650000000000002,12.21,0.89,2272,32.1,normal,
1754212412978,673,44.300000000000004,23.700000000000003,12.22,0.88,2266,32.7,normal,
1754212413078,674,44.35,23.700000000000003,12.22,0.89,2260,32.4,normal,
1754212413178,675,44.300000000000004,23.650000000000002,12.22,0.89,2269,32.4,normal,
1754212413278,676,44.300000000000004,23.650000000000002,12.200000000000001,0.89,2272,32.800000000000004,normal,
1754212413378,677,44.35,23.650000000000002,12.21,0.9,2264,32.5,normal,
1754212413478,678,44.300000000000004,23.650000000000002,12.22,0.9,2268,32.2,normal,
1754212413578,679,44.300000000000004,23.650000000000002,12.21,0.88,2252,31.900000000000002,normal,
1754212413678,680,44.35,23.700000000000003,12.21,0.89,2258,32.300000000000004,normal,
1754212413778,681,44.300000000000004,23.650000000000002,12.23,0.9,2258,32.5,normal,
1754212413878,682,44.2,23.700000000000003,12.23,0.87,2250,32.7,normal,
1754212413978,683,44.300000000000004,23.700000000000003,12.22,0.88,2264,32.4,normal,
1754212414078,684,44.300000000000004,23.700000000000003,12.23,0.91,2260,32.300000000000004,normal,
1754212414178,685,44.300000000000004,23.650000000000002,12.22,0.9,2269,32.300000000000004,normal,
1754212414278,686,44.300000000000004,23.700000000000003,12.24,0.87,2273,32.7,normal,
1754212414378,687,44.300000000000004,23.650000000000002,12.22,0.89,2252,32.2,normal,
1754212414478,688,44.2,23.700000000000003,12.24,0.9,2258,32,normal,
1754212414578,689,44.25,23.700000000000003,12.22,0.9,2254,31.700000000000003,normal,
1754212414678,690,44.300000000000004,23.700000000000003,12.21,0.91,2254,32.300000000000004,normal,
1754212414778,691,44.25,23.700000000000003,12.23,0.9,2258,32.4,normal,
1754212414878,692,44.25,23.700000000000003,12.23,0.89,2256,32.800000000000004,normal,
1754212414978,693,44.2,23.700000000000003,12.23,0.89,2258,32.2,normal,
1754212415078,694,44.2,23.700000000000003,12.22,0.89,2241,32.1,normal,
1754212415178,695,44.2,23.650000000000002,12.22,0.88,2256,32.300000000000004,normal,
1754212415278,696,44.2,23.700000000000003,12.23,0.91,2249,32.2,normal,
1754212415378,697,44.2,23.700000000000003,12.24,0.9,2256,31.700000000000003,normal,
1754212415478,698,44.2,23.650000000000002,12.22,0.89,2254,31.900000000000002,normal,
1754212415578,699,44.25,23.650000000000002,12.22,0.89,2249,32,normal,
1754212415678,700,44.2,23.650000000000002,12.22,0.89,2261,31.8,normal,
1754212415778,701,44.2,23.700000000000003,12.22,0.9,2263,31.900000000000002,normal,
1754212415878,702,44.150000000000006,23.700000000000003,12.23,0.88,2256,31.5,normal,
1754212415978,703,44.2,23.700000000000003,12.21,0.89,2254,31.900000000000002,normal,
1754212416078,704,44.2,23.650000000000002,12.22,0.89,2255,31.6,normal,
1754212416178,705,44.2,23.700000000000003,12.23,0.9,2245,31.900000000000002,normal,
1754212416278,706,44.2,23.700000000000003,12.23,0.88,2257,31.5,normal,
1754212416378,707,44.150000000000006,23.700000000000003,12.23,0.89,2252,31.1,normal,
1754212416478,708,44.2,23.700000000000003,12.21,0.89,2244,31.400000000000002,normal,
1754212416578,709,44.2,23.700000000000003,12.23,0.89,2254,31.6,normal,
1754212416678,710,44.2,23.700000000000003,12.21,0.88,2249,31.5,normal,
1754212416778,711,44.25,23.650000000000002,12.22,0.89,2251,31.5,normal,
1754212416878,712,44.150000000000006,23.700000000000003,12.23,0.88,2244,30.8,normal,
1754212416978,713,44.150000000000006,23.700000000000003,12.22,0.87,2259,31.1,normal,
1754212417078,714,44.25,23.700000000000003,12.23,0.88,2245,31.1,normal,
1754212417178,715,44.2,23.700000000000003,12.22,0.87,2249,31.200000000000003,normal,
1754212417278,716,44.150000000000006,23.700000000000003,12.23,0.88,2247,31,normal,
1754212417378,717,44.1,23.700000000000003,12.22,0.87,2246,30.8,normal,
1754212417478,718,44.1,23.700000000000003,12.21,0.88,2250,30.900000000000002,normal,
1754212417578,719,44.150000000000006,23.700000000000003,12.22,0.89,2239,30.900000000000002,normal,
1754212417678,720,44.050000000000004,23.700000000000003,12.24,0.87,2247,30.900000000000002,normal,
1754212417778,721,44.150000000000006,23.700000000000003,12.23,0.86,2238,30.400000000000002,normal,
1754212417878,722,44.050000000000004,23.650000000000002,12.23,0.87,2242,30.700000000000003,normal,
1754212417978,723,44.150000000000006,23.700000000000003,12.22,0.86,2242,30.6,normal,
1754212418078,724,44.050000000000004,23.700000000000003,12.23,0.89,2243,30.700000000000003,normal,
1754212418178,725,44.1,23.700000000000003,12.23,0.87,2231,30.6,normal,
1754212418278,726,44.150000000000006,23.700000000000003,12.24,0.87,2248,30.200000000000003,normal,
1754212418378,727,44.1,23.700000000000003,12.22,0.87,2241,30.400000000000002,normal,
1754212418478,728,44.150000000000006,23.700000000000003,12.23,0.89,2246,30.3,normal,
1754212418578,729,44.150000000000006,23.700000000000003,12.23,0.87,2238,30.5,normal,
1754212418678,730,44.1,23.700000000000003,12.23,0.87,2238,30.3,normal,
1754212418778,731,44.150000000000006,23.700000000000003,12.21,0.88,2238,30,normal,
1754212418878,732,44.050000000000004,23.650000000000002,12.22,0.85,2242,29.900000000000002,normal,
1754212418978,733,44.050000000000004,23.700000000000003,12.23,0.87,2239,29.900000000000002,normal,
1754212419078,734,44,23.700000000000003,12.24,0.85,2230,30,normal,
1754212419178,735,44.050000000000004,23.700000000000003,12.22,0.84,2249,30,normal,
1754212419278,736,44.1,23.700000000000003,12.23,0.86,2230,29.400000000000002,normal,
1754212419378,737,44.050000000000004,23.700000000000003,12.21,0.84,2229,29.700000000000003,normal,
1754212419478,738,43.95,23.700000000000003,12.22,0.84,2229,29.6,normal,
1754212419578,739,44.050000000000004,23.700000000000003,12.22,0.87,2229,29.5,normal,
1754212419678,740,44,23.700000000000003,12.23,0.85,2235,29.400000000000002,normal,
1754212419778,741,44.050000000000004,23.700000000000003,12.23,0.87,2229,29.3,normal,
1754212419878,742,44,23.700000000000003,12.22,0.88,2233,29.3,normal,
1754212419978,743,44.050000000000004,23.700000000000003,12.23,0.84,2232,28.5,normal,
1754212420078,744,43.95,23.700000000000003,12.23,0.86,2227,29.3,normal,
1754212420178,745,43.900000000000006,23.700000000000003,12.22,0.87,2219,28.900000000000002,normal,
1754212420278,746,43.95,23.700000000000003,12.22,0.8300000000000001,2233,29.3,normal,
1754212420378,747,43.900000000000006,23.700000000000003,12.23,0.86,2229,28.8,normal,
1754212420478,748,44,23.700000000000003,12.23,0.85,2232,28.400000000000002,normal,
1754212420578,749,44,23.700000000000003,12.23,0.85,2236,28.200000000000003,normal,
1754212420678,750,44,23.700000000000003,12.23,0.87,2217,28.400000000000002,normal,
1754212420778,751,43.95,23.75,12.22,0.84,2225,28.3,normal,
1754212420878,752,43.900000000000006,23.700000000000003,12.23,0.84,2232,28.200000000000003,normal,
1754212420978,753,43.95,23.700000000000003,12.22,0.84,2217,28.400000000000002,normal,
1754212421078,754,43.900000000000006,23.700000000000003,12.23,0.8300000000000001,2229,28,normal,
1754212421178,755,43.85,23.700000000000003,12.22,0.84,2214,27.700000000000003,normal,
1754212421278,756,43.95,23.700000000000003,12.22,0.85,2219,28.3,normal,
1754212421378,757,43.900000000000006,23.700000000000003,12.23,0.8300000000000001,2233,28.1,normal,
1754212421478,758,43.900000000000006,23.75,12.23,0.8300000000000001,2234,28,normal,
1754212421578,759,43.95,23.700000000000003,12.25,0.85,2215,28.1,normal,
1754212421678,760,43.85,23.700000000000003,12.25,0.86,2218,27.900000000000002,normal,
1754212421778,761,43.900000000000006,23.75,12.24,0.84,2225,27.5,normal,
1754212421878,762,43.85,23.700000000000003,12.22,0.8300000000000001,2225,28.1,normal,
1754212421978,763,43.900000000000006,23.700000000000003,12.24,0.85,2222,27.900000000000002,normal,
1754212422078,764,43.85,23.700000000000003,12.22,0.85,2219,27.8,normal,
1754212422178,765,43.800000000000004,23.700000000000003,12.24,0.84,2212,28,normal,
1754212422278,766,43.85,23.700000000000003,12.24,0.84,2211,27.900000000000002,normal,
1754212422378,767,43.800000000000004,23.700000000000003,12.23,0.8200000000000001,2215,27.400000000000002,normal,
1754212422478,768,43.900000000000006,23.700000000000003,12.22,0.84,2209,27.400000000000002,normal,
1754212422578,769,43.85,23.700000000000003,12.23,0.8300000000000001,2214,27.700000000000003,normal,
1754212422678,770,43.800000000000004,23.75,12.22,0.8200000000000001,2222,27.6,normal,
1754212422778,771,43.85,23.700000000000003,12.24,0.8200000000000001,2212,27.3,normal,
1754212422878,772,43.75,23.700000000000003,12.23,0.85,2211,27.3,normal,
1754212422978,773,43.800000000000004,23.700000000000003,12.23,0.81,2213,27.3,normal,
1754212423078,774,43.800000000000004,23.75,12.23,0.8200000000000001,2204,27.3,normal,
1754212423178,775,43.75,23.700000000000003,12.24,0.8200000000000001,2196,27.5,normal,
1754212423278,776,43.85,23.700000000000003,12.24,0.8200000000000001,2199,27.1,normal,
1754212423378,777,43.800000000000004,23.700000000000003,12.25,0.84,2212,27.1,normal,
1754212423478,778,43.800000000000004,23.700000000000003,12.24,0.8200000000000001,2211,27.200000000000003,normal,
1754212423578,779,43.800000000000004,23.700000000000003,12.24,0.85,2199,27.1,normal,
1754212423678,780,43.800000000000004,23.700000000000003,12.24,0.8200000000000001,2213,26.700000000000003,normal,
1754212423778,781,43.800000000000004,23.700000000000003,12.24,0.81,2210,26.900000000000002,normal,
1754212423878,782,43.75,23.700000000000003,12.24,0.8300000000000001,2194,27,normal,
1754212423978,783,43.75,23.700000000000003,12.24,0.8300000000000001,2202,27.3,normal,
1754212424078,784,43.75,23.700000000000003,12.23,0.84,2189,26.5,normal,
1754212424178,785,43.7,23.700000000000003,12.22,0.8200000000000001,2200,26.8,normal,
1754212424278,786,43.800000000000004,23.700000000000003,12.25,0.8,2207,27,normal,
1754212424378,787,43.7,23.700000000000003,12.25,0.81,2195,26.200000000000003,normal,
1754212424478,788,43.7,23.75,12.25,0.84,2198,27.1,normal,
1754212424578,789,43.650000000000006,23.700000000000003,12.24,0.8200000000000001,2198,26.8,normal,
1754212424678,790,43.650000000000006,23.700000000000003,12.23,0.8200000000000001,2198,27,normal,
1754212424778,791,43.7,23.75,12.21,0.8300000000000001,2205,26.8,normal,
1754212424878,792,43.6,23.700000000000003,12.24,0.84,2204,27,normal,
1754212424978,793,43.650000000000006,23.700000000000003,12.23,0.8300000000000001,2196,27.3,normal,
1754212425078,794,43.650000000000006,23.700000000000003,12.24,0.81,2195,26.6,normal,
1754212425178,795,43.650000000000006,23.700000000000003,12.23,0.84,2199,26.8,normal,
1754212425278,796,43.650000000000006,23.700000000000003,12.22,0.8300000000000001,2191,26.700000000000003,normal,
1754212425378,797,43.650000000000006,23.700000000000003,12.25,0.8200000000000001,2192,27.200000000000003,normal,
1754212425478,798,43.650000000000006,23.75,12.24,0.8200000000000001,2203,27.200000000000003,normal,
1754212425578,799,43.650000000000006,23.75,12.22,0.8300000000000001,2195,27,normal,
